<?xml version="1.0" encoding="UTF-8"?>
<project-private xmlns="http://www.netbeans.org/ns/project-private/1">
    <editor-bookmarks xmlns="http://www.netbeans.org/ns/editor-bookmarks/2" lastBookmarkId="0"/>
    <open-files xmlns="http://www.netbeans.org/ns/projectui-open-files/2">
        <group>
            <file>file:/C:/Users/laksh/OneDrive/Desktop/Lab_5_Skeleton/src/model/OrderItem.java</file>
            <file>file:/C:/Users/laksh/OneDrive/Desktop/Lab_5_Skeleton/src/ui/CustomerRole/BrowseProductsJPanel.java</file>
            <file>file:/C:/Users/laksh/OneDrive/Desktop/Lab_5_Skeleton/src/ui/CustomerRole/ViewOrderItemDetailJPanel.java</file>
            <file>file:/C:/Users/laksh/OneDrive/Desktop/Lab_5_Skeleton/src/model/MasterOrderList.java</file>
            <file>file:/C:/Users/laksh/OneDrive/Desktop/Lab_5_Skeleton/src/ui/MainJFrame.java</file>
            <file>file:/C:/Users/laksh/OneDrive/Desktop/Lab_5_Skeleton/src/model/Order.java</file>
        </group>
    </open-files>
</project-private>
