<?xml version="1.0" encoding="UTF-8"?>
<project-private xmlns="http://www.netbeans.org/ns/project-private/1">
    <editor-bookmarks xmlns="http://www.netbeans.org/ns/editor-bookmarks/2" lastBookmarkId="0"/>
    <open-files xmlns="http://www.netbeans.org/ns/projectui-open-files/2">
        <group>
            <file>file:/C:/Users/laksh/OneDrive/Desktop/AED%20ALL%20FILES/Lab_6_Skeleton/src/analytics/AnalysisHelper.java</file>
            <file>file:/C:/Users/laksh/OneDrive/Desktop/AED%20ALL%20FILES/Lab_6_Skeleton/src/main/Lab_6_Main.java</file>
        </group>
    </open-files>
</project-private>
